,Hindi,Konkani,Malayalam,Sindhi,Tamil,Telugu
0,0.9647058823529413,0.725846702317295,0.750802139037439,0.763992869875229,0.8584670231729099,0.738680926916225
1,0.9958333333333332,0.7416666666666667,0.7375000000000002,0.7916666666666666,0.9333333333333332,0.7541666666666669
2,0.9901234567901235,0.7086419753086413,0.7802469135802459,0.7629629629629618,0.9037037037037032,0.7654320987654315
3,0.9451612903225806,0.7419354838709673,0.7451612903225802,0.7645161290322575,0.8290322580645159,0.751612903225806
4,0.9644670050761421,0.723857868020304,0.7472081218274111,0.766497461928934,0.8619289340101526,0.7421319796954314
5,0.9425925925925925,0.712962962962962,0.762962962962962,0.7555555555555542,0.8240740740740731,0.6962962962962954
6,0.975609756097561,0.7365853658536591,0.7121951219512198,0.7414634146341467,0.8243902439024391,0.7853658536585368
7,0.9500000000000001,0.7666666666666669,0.7333333333333337,0.7666666666666669,0.8166666666666669,0.6666666666666669
