,Hindi,Konkani,Malayalam,Sindhi,Tamil,Telugu
0,0.8067010309278373,0.8087628865979414,0.8819587628866008,0.8283505154639201,0.8262886597938176,0.8134020618556723
1,0.8679245283018858,0.8094339622641505,0.9113207547169806,0.8660377358490556,0.8339622641509425,0.8773584905660367
2,0.8390243902439017,0.8146341463414624,0.8878048780487799,0.7902439024390239,0.7869918699186984,0.8813008130081292
3,0.7408805031446534,0.8037735849056592,0.8578616352201249,0.8327044025157226,0.8515723270440243,0.7182389937106914
